Cluster,edad,altura_cm,peso_kg,imc,presion_sistolica_1,presion_sistolica_2,presion_sistolica_3,colesterol_total,hdl,ldl,glucosa_ayunas,fumador,antecedentes_familiares
0,37.71909871244635,168.45665236051502,67.29603004291846,23.43901287553648,119.28304721030042,119.18004291845493,119.2156652360515,207.60257510729613,62.92038626609442,114.37618025751073,96.30714285714286,0.1544502617801047,0.2521459227467811
1,56.4909072228501,169.06657762252132,75.6565396075208,26.201736360834275,146.6686530360629,146.65457721154834,146.71529846912566,253.6394739545875,45.24874139525326,172.02157608137264,123.37827264520013,0.48833379083173206,0.05188533853899106
2,53.489031567683256,168.6960941680043,71.71305510968432,24.933279828785444,142.06545389691456,141.95862314963438,142.0406634563938,239.10986267166044,49.787586944890315,155.11218120206885,117.44484217377156,0.45889423076923075,0.10611735330836454
